-- ============================================================
-- DADOS FICTICIOS: 2 colaboradores de exemplo (CLT e MEI)
-- Mes de referencia: 05/2026
-- Execute DEPOIS do schema.sql, e DEPOIS de criar o primeiro
-- usuario MASTER (ver README.md) para poder associar gestor_id
-- se desejar. Aqui os colaboradores ficam sem gestor_id (NULL),
-- ou seja, visiveis apenas para MASTER por padrao.
-- ============================================================

-- ------------------------------------------------------------
-- Colaborador 1: CLT - Marcos Silva
-- PIN de exemplo: 1234
-- ------------------------------------------------------------
insert into colaboradores
  (id, nome, cargo, pin, vinculo, tipo_registro,
   horario_entrada, horario_saida_almoco, horario_volta_almoco, horario_saida,
   dias_trabalho, ativo)
values
  ('11111111-1111-1111-1111-111111111111', 'Marcos Silva', 'Garçom', '1234', 'CLT', 'SIMPLES',
   '08:00', '12:00', '13:00', '17:00',
   '{1,2,3,4,5}', true)
on conflict (id) do nothing;

-- ------------------------------------------------------------
-- Colaborador 2: MEI - Juliana Costa (horas puras, sem jornada fixa)
-- PIN de exemplo: 5678
-- ------------------------------------------------------------
insert into colaboradores
  (id, nome, cargo, pin, vinculo, tipo_registro, ativo)
values
  ('22222222-2222-2222-2222-222222222222', 'Juliana Costa', 'Bartender (MEI)', '5678', 'MEI', 'LIVRE', true)
on conflict (id) do nothing;

-- Configuracao de relatorio da MEI: quinzenal por padrao
insert into config_relatorio_mei (colaborador_id, periodo)
values ('22222222-2222-2222-2222-222222222222', 'QUINZENAL')
on conflict (colaborador_id) do nothing;

-- ------------------------------------------------------------
-- Registros de ponto (1 mes completo)
-- ------------------------------------------------------------
insert into registros_ponto (colaborador_id, tipo, data_hora, origem) values
(11111111-1111-1111-1111-111111111111, 'ENTRADA', '2026-05-01 08:00:00', 'ONLINE'),
(11111111-1111-1111-1111-111111111111, 'SAIDA_ALMOCO', '2026-05-01 12:00:00', 'ONLINE'),
(11111111-1111-1111-1111-111111111111, 'VOLTA_ALMOCO', '2026-05-01 13:00:00', 'ONLINE'),
(11111111-1111-1111-1111-111111111111, 'SAIDA', '2026-05-01 17:00:00', 'ONLINE'),
(11111111-1111-1111-1111-111111111111, 'ENTRADA', '2026-05-04 08:15:00', 'ONLINE'),
(11111111-1111-1111-1111-111111111111, 'SAIDA_ALMOCO', '2026-05-04 12:00:00', 'ONLINE'),
(11111111-1111-1111-1111-111111111111, 'VOLTA_ALMOCO', '2026-05-04 13:00:00', 'ONLINE'),
(11111111-1111-1111-1111-111111111111, 'SAIDA', '2026-05-04 17:00:00', 'ONLINE'),
(11111111-1111-1111-1111-111111111111, 'ENTRADA', '2026-05-05 08:00:00', 'ONLINE'),
(11111111-1111-1111-1111-111111111111, 'SAIDA_ALMOCO', '2026-05-05 12:00:00', 'ONLINE'),
(11111111-1111-1111-1111-111111111111, 'VOLTA_ALMOCO', '2026-05-05 13:00:00', 'ONLINE'),
(11111111-1111-1111-1111-111111111111, 'SAIDA', '2026-05-05 18:00:00', 'ONLINE'),
(11111111-1111-1111-1111-111111111111, 'ENTRADA', '2026-05-06 08:00:00', 'ONLINE'),
(11111111-1111-1111-1111-111111111111, 'SAIDA_ALMOCO', '2026-05-06 12:00:00', 'ONLINE'),
(11111111-1111-1111-1111-111111111111, 'VOLTA_ALMOCO', '2026-05-06 13:00:00', 'ONLINE'),
(11111111-1111-1111-1111-111111111111, 'SAIDA', '2026-05-06 17:00:00', 'ONLINE'),
(11111111-1111-1111-1111-111111111111, 'ENTRADA', '2026-05-07 08:00:00', 'ONLINE'),
(11111111-1111-1111-1111-111111111111, 'SAIDA_ALMOCO', '2026-05-07 12:00:00', 'ONLINE'),
(11111111-1111-1111-1111-111111111111, 'VOLTA_ALMOCO', '2026-05-07 13:00:00', 'ONLINE'),
(11111111-1111-1111-1111-111111111111, 'SAIDA', '2026-05-07 17:00:00', 'ONLINE'),
(11111111-1111-1111-1111-111111111111, 'ENTRADA', '2026-05-08 08:00:00', 'ONLINE'),
(11111111-1111-1111-1111-111111111111, 'SAIDA_ALMOCO', '2026-05-08 12:00:00', 'ONLINE'),
(11111111-1111-1111-1111-111111111111, 'VOLTA_ALMOCO', '2026-05-08 13:00:00', 'ONLINE'),
(11111111-1111-1111-1111-111111111111, 'SAIDA', '2026-05-08 17:00:00', 'ONLINE'),
(11111111-1111-1111-1111-111111111111, 'ENTRADA', '2026-05-11 08:15:00', 'ONLINE'),
(11111111-1111-1111-1111-111111111111, 'SAIDA_ALMOCO', '2026-05-11 12:00:00', 'ONLINE'),
(11111111-1111-1111-1111-111111111111, 'VOLTA_ALMOCO', '2026-05-11 13:00:00', 'ONLINE'),
(11111111-1111-1111-1111-111111111111, 'SAIDA', '2026-05-11 17:00:00', 'ONLINE'),
(11111111-1111-1111-1111-111111111111, 'ENTRADA', '2026-05-12 08:10:00', 'ONLINE'),
(11111111-1111-1111-1111-111111111111, 'SAIDA_ALMOCO', '2026-05-12 12:00:00', 'ONLINE'),
(11111111-1111-1111-1111-111111111111, 'VOLTA_ALMOCO', '2026-05-12 13:00:00', 'ONLINE'),
(11111111-1111-1111-1111-111111111111, 'SAIDA', '2026-05-12 17:00:00', 'ONLINE'),
(11111111-1111-1111-1111-111111111111, 'ENTRADA', '2026-05-14 08:00:00', 'ONLINE'),
(11111111-1111-1111-1111-111111111111, 'SAIDA_ALMOCO', '2026-05-14 12:00:00', 'ONLINE'),
(11111111-1111-1111-1111-111111111111, 'VOLTA_ALMOCO', '2026-05-14 13:00:00', 'ONLINE'),
(11111111-1111-1111-1111-111111111111, 'SAIDA', '2026-05-14 18:00:00', 'ONLINE'),
(11111111-1111-1111-1111-111111111111, 'ENTRADA', '2026-05-15 08:00:00', 'ONLINE'),
(11111111-1111-1111-1111-111111111111, 'SAIDA_ALMOCO', '2026-05-15 12:00:00', 'ONLINE'),
(11111111-1111-1111-1111-111111111111, 'VOLTA_ALMOCO', '2026-05-15 13:00:00', 'ONLINE'),
(11111111-1111-1111-1111-111111111111, 'SAIDA', '2026-05-15 17:00:00', 'ONLINE'),
(11111111-1111-1111-1111-111111111111, 'ENTRADA', '2026-05-18 08:00:00', 'ONLINE'),
(11111111-1111-1111-1111-111111111111, 'SAIDA_ALMOCO', '2026-05-18 12:00:00', 'ONLINE'),
(11111111-1111-1111-1111-111111111111, 'VOLTA_ALMOCO', '2026-05-18 13:00:00', 'ONLINE'),
(11111111-1111-1111-1111-111111111111, 'SAIDA', '2026-05-18 17:00:00', 'ONLINE'),
(11111111-1111-1111-1111-111111111111, 'ENTRADA', '2026-05-19 08:00:00', 'ONLINE'),
(11111111-1111-1111-1111-111111111111, 'SAIDA_ALMOCO', '2026-05-19 12:00:00', 'ONLINE'),
(11111111-1111-1111-1111-111111111111, 'VOLTA_ALMOCO', '2026-05-19 13:00:00', 'ONLINE'),
(11111111-1111-1111-1111-111111111111, 'SAIDA', '2026-05-19 17:00:00', 'ONLINE'),
(11111111-1111-1111-1111-111111111111, 'ENTRADA', '2026-05-20 08:00:00', 'ONLINE'),
(11111111-1111-1111-1111-111111111111, 'SAIDA_ALMOCO', '2026-05-20 12:00:00', 'ONLINE'),
(11111111-1111-1111-1111-111111111111, 'VOLTA_ALMOCO', '2026-05-20 13:00:00', 'ONLINE'),
(11111111-1111-1111-1111-111111111111, 'SAIDA', '2026-05-20 17:00:00', 'ONLINE'),
(11111111-1111-1111-1111-111111111111, 'ENTRADA', '2026-05-21 08:00:00', 'ONLINE'),
(11111111-1111-1111-1111-111111111111, 'SAIDA_ALMOCO', '2026-05-21 12:00:00', 'ONLINE'),
(11111111-1111-1111-1111-111111111111, 'VOLTA_ALMOCO', '2026-05-21 13:00:00', 'ONLINE'),
(11111111-1111-1111-1111-111111111111, 'SAIDA', '2026-05-21 17:00:00', 'ONLINE'),
(11111111-1111-1111-1111-111111111111, 'ENTRADA', '2026-05-22 08:00:00', 'ONLINE'),
(11111111-1111-1111-1111-111111111111, 'SAIDA_ALMOCO', '2026-05-22 12:00:00', 'ONLINE'),
(11111111-1111-1111-1111-111111111111, 'VOLTA_ALMOCO', '2026-05-22 13:00:00', 'ONLINE'),
(11111111-1111-1111-1111-111111111111, 'SAIDA', '2026-05-22 18:00:00', 'ONLINE'),
(11111111-1111-1111-1111-111111111111, 'ENTRADA', '2026-05-25 08:00:00', 'ONLINE'),
(11111111-1111-1111-1111-111111111111, 'SAIDA_ALMOCO', '2026-05-25 12:00:00', 'ONLINE'),
(11111111-1111-1111-1111-111111111111, 'VOLTA_ALMOCO', '2026-05-25 13:00:00', 'ONLINE'),
(11111111-1111-1111-1111-111111111111, 'SAIDA', '2026-05-25 17:00:00', 'ONLINE'),
(11111111-1111-1111-1111-111111111111, 'ENTRADA', '2026-05-26 08:00:00', 'ONLINE'),
(11111111-1111-1111-1111-111111111111, 'SAIDA_ALMOCO', '2026-05-26 12:00:00', 'ONLINE'),
(11111111-1111-1111-1111-111111111111, 'VOLTA_ALMOCO', '2026-05-26 13:00:00', 'ONLINE'),
(11111111-1111-1111-1111-111111111111, 'SAIDA', '2026-05-26 18:30:00', 'ONLINE'),
(11111111-1111-1111-1111-111111111111, 'ENTRADA', '2026-05-27 08:00:00', 'ONLINE'),
(11111111-1111-1111-1111-111111111111, 'SAIDA_ALMOCO', '2026-05-27 12:00:00', 'ONLINE'),
(11111111-1111-1111-1111-111111111111, 'VOLTA_ALMOCO', '2026-05-27 13:00:00', 'ONLINE'),
(11111111-1111-1111-1111-111111111111, 'SAIDA', '2026-05-27 18:00:00', 'ONLINE'),
(11111111-1111-1111-1111-111111111111, 'ENTRADA', '2026-05-28 08:00:00', 'ONLINE'),
(11111111-1111-1111-1111-111111111111, 'SAIDA_ALMOCO', '2026-05-28 12:00:00', 'ONLINE'),
(11111111-1111-1111-1111-111111111111, 'VOLTA_ALMOCO', '2026-05-28 13:00:00', 'ONLINE'),
(11111111-1111-1111-1111-111111111111, 'SAIDA', '2026-05-28 18:30:00', 'ONLINE'),
(11111111-1111-1111-1111-111111111111, 'ENTRADA', '2026-05-29 08:15:00', 'ONLINE'),
(11111111-1111-1111-1111-111111111111, 'SAIDA_ALMOCO', '2026-05-29 12:00:00', 'ONLINE'),
(11111111-1111-1111-1111-111111111111, 'VOLTA_ALMOCO', '2026-05-29 13:00:00', 'ONLINE'),
(11111111-1111-1111-1111-111111111111, 'SAIDA', '2026-05-29 17:00:00', 'ONLINE'),
(22222222-2222-2222-2222-222222222222, 'ENTRADA_LIVRE', '2026-05-01 18:00:00', 'ONLINE'),
(22222222-2222-2222-2222-222222222222, 'SAIDA_LIVRE', '2026-05-01 23:00:00', 'ONLINE'),
(22222222-2222-2222-2222-222222222222, 'ENTRADA_LIVRE', '2026-05-02 18:00:00', 'ONLINE'),
(22222222-2222-2222-2222-222222222222, 'SAIDA_LIVRE', '2026-05-02 23:59:00', 'ONLINE'),
(22222222-2222-2222-2222-222222222222, 'ENTRADA_LIVRE', '2026-05-03 18:00:00', 'ONLINE'),
(22222222-2222-2222-2222-222222222222, 'SAIDA_LIVRE', '2026-05-03 23:59:00', 'ONLINE'),
(22222222-2222-2222-2222-222222222222, 'ENTRADA_LIVRE', '2026-05-07 18:00:00', 'ONLINE'),
(22222222-2222-2222-2222-222222222222, 'SAIDA_LIVRE', '2026-05-07 23:30:00', 'ONLINE'),
(22222222-2222-2222-2222-222222222222, 'ENTRADA_LIVRE', '2026-05-08 18:00:00', 'ONLINE'),
(22222222-2222-2222-2222-222222222222, 'SAIDA_LIVRE', '2026-05-08 23:00:00', 'ONLINE'),
(22222222-2222-2222-2222-222222222222, 'ENTRADA_LIVRE', '2026-05-09 18:00:00', 'ONLINE'),
(22222222-2222-2222-2222-222222222222, 'SAIDA_LIVRE', '2026-05-09 23:59:00', 'ONLINE'),
(22222222-2222-2222-2222-222222222222, 'ENTRADA_LIVRE', '2026-05-10 18:00:00', 'ONLINE'),
(22222222-2222-2222-2222-222222222222, 'SAIDA_LIVRE', '2026-05-10 23:59:00', 'ONLINE'),
(22222222-2222-2222-2222-222222222222, 'ENTRADA_LIVRE', '2026-05-14 18:00:00', 'ONLINE'),
(22222222-2222-2222-2222-222222222222, 'SAIDA_LIVRE', '2026-05-14 23:30:00', 'ONLINE'),
(22222222-2222-2222-2222-222222222222, 'ENTRADA_LIVRE', '2026-05-15 18:00:00', 'ONLINE'),
(22222222-2222-2222-2222-222222222222, 'SAIDA_LIVRE', '2026-05-15 23:00:00', 'ONLINE'),
(22222222-2222-2222-2222-222222222222, 'ENTRADA_LIVRE', '2026-05-16 18:00:00', 'ONLINE'),
(22222222-2222-2222-2222-222222222222, 'SAIDA_LIVRE', '2026-05-16 23:59:00', 'ONLINE'),
(22222222-2222-2222-2222-222222222222, 'ENTRADA_LIVRE', '2026-05-17 18:00:00', 'ONLINE'),
(22222222-2222-2222-2222-222222222222, 'SAIDA_LIVRE', '2026-05-17 23:59:00', 'ONLINE'),
(22222222-2222-2222-2222-222222222222, 'ENTRADA_LIVRE', '2026-05-21 18:00:00', 'ONLINE'),
(22222222-2222-2222-2222-222222222222, 'SAIDA_LIVRE', '2026-05-21 23:00:00', 'ONLINE'),
(22222222-2222-2222-2222-222222222222, 'ENTRADA_LIVRE', '2026-05-22 18:00:00', 'ONLINE'),
(22222222-2222-2222-2222-222222222222, 'SAIDA_LIVRE', '2026-05-22 23:00:00', 'ONLINE'),
(22222222-2222-2222-2222-222222222222, 'ENTRADA_LIVRE', '2026-05-23 18:00:00', 'ONLINE'),
(22222222-2222-2222-2222-222222222222, 'SAIDA_LIVRE', '2026-05-23 23:59:00', 'ONLINE'),
(22222222-2222-2222-2222-222222222222, 'ENTRADA_LIVRE', '2026-05-24 18:00:00', 'ONLINE'),
(22222222-2222-2222-2222-222222222222, 'SAIDA_LIVRE', '2026-05-24 23:59:00', 'ONLINE'),
(22222222-2222-2222-2222-222222222222, 'ENTRADA_LIVRE', '2026-05-28 18:00:00', 'ONLINE'),
(22222222-2222-2222-2222-222222222222, 'SAIDA_LIVRE', '2026-05-28 23:30:00', 'ONLINE'),
(22222222-2222-2222-2222-222222222222, 'ENTRADA_LIVRE', '2026-05-29 18:00:00', 'ONLINE'),
(22222222-2222-2222-2222-222222222222, 'SAIDA_LIVRE', '2026-05-29 23:00:00', 'ONLINE'),
(22222222-2222-2222-2222-222222222222, 'ENTRADA_LIVRE', '2026-05-30 18:00:00', 'ONLINE'),
(22222222-2222-2222-2222-222222222222, 'SAIDA_LIVRE', '2026-05-30 23:59:00', 'ONLINE'),
(22222222-2222-2222-2222-222222222222, 'ENTRADA_LIVRE', '2026-05-31 18:00:00', 'ONLINE'),
(22222222-2222-2222-2222-222222222222, 'SAIDA_LIVRE', '2026-05-31 23:59:00', 'ONLINE');

-- ------------------------------------------------------------
-- Ausencias (falta e folga de exemplo)
-- ------------------------------------------------------------
insert into ausencias (colaborador_id, data, tipo, motivo) values
(11111111-1111-1111-1111-111111111111, '2026-05-13', 'FALTA', 'Falta não justificada'),
(11111111-1111-1111-1111-111111111111, '2026-05-20', 'FOLGA', 'Folga combinada');